year,week,Ontario_demand,northwest,northeast,ottawa,east,toronto,essa,bruce,southwest,niagara,west
2004,0,1133433,57105,107976,98372,74169,352952,65304,4122,214862,40100,123805
2004,1,3308562,161177,287722,285114,211053,1057321,205157,12374,620766,118371,354131
2004,2,3455561,166362,305520,298788,228350,1102338,222771,9326,633578,124576,363072
2004,3,3414287,172276,300225,285954,220669,1094965,217990,8426,626157,126334,368233
2004,4,3455570,170432,297150,296416,226356,1103578,219199,10372,641566,128838,368874
2004,5,3237956,163516,272615,268345,203770,1045119,198199,7455,605712,123013,356606
2004,6,3208287,162625,273193,262628,198273,1043682,191157,11306,609942,122382,353031
2004,7,3198991,163738,266969,257129,206273,1030107,189754,10503,612341,120910,352843
2004,8,3058328,154893,257615,235851,195353,993820,174473,10553,593285,111619,340778
2004,9,2941364,158117,252367,214444,184744,959064,158459,6442,584954,107877,331310
2004,10,3023755,162445,260096,232481,172895,989675,167274,8352,590349,111395,341097
2004,11,3069886,161285,259712,245882,171645,997385,172186,14187,588039,112701,342648
2004,12,2960968,156860,256881,228375,176381,969345,161366,8053,582614,108558,323925
2004,13,2828450,154193,238320,219711,159462,931538,145007,6181,567383,103432,313012
2004,14,2783146,145104,241200,237167,160160,905257,153798,6759,549989,93304,301030
2004,15,2733368,149350,228688,218592,156929,902440,140425,5729,554814,91800,296711
2004,16,2680986,144005,234791,207307,153507,886789,133280,4962,544548,91848,291957
2004,17,2734620,146478,241673,215310,151478,898540,140604,5159,553442,90281,293717
2004,18,2718957,147800,235936,214827,140595,898080,141756,5680,550110,97359,290154
2004,19,2752544,150478,211803,204953,150388,935033,132130,4208,557618,102031,303961
2004,20,2668758,142977,214017,194578,152099,899093,130813,5257,531006,101237,297583
2004,21,2608140,148532,219414,203118,140231,853380,136709,5431,514158,94546,290631
2004,22,2651192,146495,210997,202388,142932,889405,130906,4417,523771,98673,301705
2004,23,2880411,150585,208774,205402,165292,982462,141184,4778,566600,109028,341622
2004,24,2906409,152767,209998,211010,179361,976890,142004,4952,560955,108856,352720
2004,25,2770255,149328,212867,200562,163775,931158,135679,4898,539859,96170,325083
2004,26,2725871,145085,203025,194632,161150,907344,136497,7471,535677,94419,328854
2004,27,2792274,144775,197585,203106,178159,940317,142375,7577,547297,95392,331433
2004,28,2917292,147324,201335,211899,179689,1015696,152405,5814,557821,102991,338848
2004,29,3005669,147871,195884,212860,183862,1041436,151960,5079,589234,110818,358143
2004,30,2898110,153207,198839,205075,176594,986395,148390,5748,571675,102696,340415
2004,31,2871558,148440,200682,200968,171260,977092,146718,5364,571070,102823,345665
2004,32,2831481,146304,202252,200422,169702,961801,144161,4912,562063,98873,335763
2004,33,2815671,141126,208284,212577,172575,934481,143115,1836,562278,96794,334663
2004,34,2997621,141793,219887,212400,173674,1007248,154424,5880,599298,107313,367831
2004,35,2941073,153097,221499,198754,178741,984557,148417,3147,587447,102181,356775
2004,36,2856976,139371,217980,191356,175552,954639,140956,3835,573227,104100,348288
2004,37,2909292,139342,225250,166183,198132,982284,143300,1480,574432,107370,358749
2004,38,2874452,145843,227639,170267,198970,973343,146044,2296,554284,104290,344087
2004,39,2793993,151887,230853,216081,156847,920054,140681,1822,541392,97434,327964
2004,40,2752079,151412,227657,194875,167597,911925,144820,903,535680,92549,319743
2004,41,2694438,153226,232298,192715,164057,872629,145112,2191,522839,89117,311294
2004,42,2828645,151808,236063,193726,170007,942452,149798,4154,551617,93675,327198
2004,43,2801933,153058,238505,183526,182555,931400,144871,4044,554796,90915,314460
2004,44,2850489,155983,240275,207788,178275,937252,151110,5407,556977,94959,319903
2004,45,2944180,157500,249223,224400,180757,959839,160088,7675,573189,98390,330937
2004,46,2893139,153308,239152,216317,177702,952861,153106,8115,569679,93768,326132
2004,47,2984930,169539,249090,224195,187754,963921,167083,9925,583084,94752,331092
2004,48,3084421,169110,256639,221505,201259,1004360,170827,4088,608510,97143,341290
2004,49,3159386,169456,261935,255253,201111,1020017,177291,6636,623000,97661,343345
2004,50,3225443,170619,270018,258263,207735,1033461,188465,7481,628664,104806,354453
2004,51,3274802,160980,285487,300018,193272,1036070,209019,8791,630464,100804,349044
2004,52,2527873,126255,221546,219535,161757,795763,157310,6969,494089,76703,269021
2005,0,378758,22272,36370,30384,23836,118002,22169,1070,72281,12073,40890
2005,1,3174114,169885,275100,255189,200947,1011644,183274,8468,627409,101158,338478
2005,2,3189201,165591,271215,258328,193829,1027228,182377,11456,628838,104236,346459
2005,3,3494698,173553,282930,304103,222453,1117147,224318,10748,674912,112184,372240
2005,4,3473199,170952,278838,300474,221907,1123952,222775,8220,664933,110423,369239
2005,5,3188823,162128,263472,259164,198077,1041777,187864,7636,613770,102363,352458
2005,6,3124248,165143,266475,239554,192977,1025104,176821,6965,607374,100856,344495
2005,7,3197137,169118,270486,248190,200786,1041378,186639,9052,620395,102204,349487
2005,8,3232603,168129,277191,254672,208572,1052598,194553,9138,622978,102972,346049
2005,9,3188394,163342,271203,245894,200065,1041152,186844,9831,619442,101881,348766
2005,10,3205623,166896,276959,250807,202734,1037980,187447,9869,623481,103714,344099
2005,11,3048526,159252,268459,226405,179824,999207,175472,9566,600679,100800,334105
2005,12,2920740,158422,260073,216111,175996,948411,160989,8874,573131,97721,321154
2005,13,2842094,158724,245086,209147,169465,933519,154413,5762,557519,97231,313257
2005,14,2813061,150896,235378,211643,165017,933319,153252,5956,553716,99849,311249
2005,15,2712675,144289,228365,215494,144588,906470,140964,6848,532014,89832,304685
2005,16,2712680,144169,227750,211456,143852,908344,138682,6554,527044,95840,303411
2005,17,2776582,150982,232211,226467,136612,922003,148129,10366,544656,95513,312716
2005,18,2678522,136860,214444,214197,138845,906610,140588,6599,526729,91206,303895
2005,19,2664394,142687,215557,189672,151388,897607,133026,4870,524195,90801,302617
2005,20,2654182,143370,226837,190624,150202,890773,135937,3814,521625,87572,299852
2005,21,2602820,144900,226846,187988,142392,868223,133336,3039,505795,90564,297112
2005,22,2773679,144259,221458,195580,169493,942676,139225,3074,537521,100703,315840
2005,23,3283148,138073,217359,220976,198455,1158590,167666,5769,643833,125503,397471
2005,24,3083521,148495,220883,221465,183851,1081523,154775,4465,603952,115720,349982
2005,25,2987886,147183,212663,208100,167160,1047909,147170,4175,596484,113635,341664
2005,26,3283116,143052,227885,231532,205407,1154515,167444,4864,636585,132251,374086
2005,27,2998962,130411,211383,217466,188480,1052651,153792,5877,582812,120667,332524
2005,28,3461134,135407,224048,244584,215901,1257421,187296,6998,664392,139797,378425
2005,29,3387046,144303,220658,238155,207471,1201544,180012,7893,644096,140690,396647
2005,30,3089812,148785,229776,210917,185871,1062284,156974,6750,588536,119588,370581
2005,31,3271892,148181,233810,223522,197403,1126156,170310,10381,626726,128153,397357
2005,32,3348551,146957,233080,230750,198289,1164128,172246,8030,644366,137119,398290
2005,33,3037790,145095,236760,208655,171493,1034898,152238,7767,596583,113850,368158
2005,34,2961618,139782,237183,204716,177453,1006993,147765,5879,582062,104844,347135
2005,35,3065547,138621,233485,209957,190685,1049239,154537,8676,610315,110520,356361
2005,36,2877992,137302,235598,195467,169673,967146,143414,9356,573833,103378,339444
2005,37,3067388,138556,233569,209433,186672,1048041,152809,12370,610568,109712,359143
2005,38,2908326,139335,234682,197090,167715,992694,143342,7575,584688,103453,333194
2005,39,2797183,141754,225661,185997,160962,945671,138981,8745,563887,94519,314692
2005,40,2818808,138563,214934,193706,170269,953309,144193,7165,572368,97184,323972
2005,41,2653954,136908,216341,187754,158306,888087,138960,7605,534199,92408,296533
2005,42,2738296,138963,217648,201669,164492,917900,146487,7475,546506,93218,307667
2005,43,2842736,132026,225012,211746,172676,948619,154553,7935,580272,92218,315524
2005,44,2782234,131280,227262,202785,168121,932666,147638,8296,557585,94891,308343
2005,45,2809368,136181,232384,208995,173395,935696,160375,8284,555275,95291,304616
2005,46,2894237,144340,236738,211648,179535,967211,163720,7031,571430,97884,312087
2005,47,3033929,148718,250966,231642,190689,1005350,177316,8016,604042,101152,312881
2005,48,3007799,145338,237266,227820,184046,1004964,171073,5468,603343,102067,323284
2005,49,3197827,148562,256699,254398,191733,1060197,190262,8619,627114,107686,348164
2005,50,3280870,148095,260039,269446,204527,1074770,202942,14007,638996,111337,354255
2005,51,3174455,146124,260584,254327,196445,1037254,193968,16992,613748,110438,339359
2005,52,2776869,123375,246486,228332,179196,894607,173350,13762,528031,93577,294898
2006,1,3041244,140520,263351,249098,191890,991925,181555,8675,588707,102086,319074
2006,2,3029611,143416,254254,241739,183255,995645,173381,8422,599574,100561,325844
2006,3,3160967,140340,264837,259431,194382,1041972,188867,12371,623127,105453,326929
2006,4,3085134,140458,255282,241441,189669,1025593,179323,8184,612436,102278,328041
2006,5,3000258,139305,256508,237083,183464,993165,169116,5682,594391,101309,320426
2006,6,3154829,140255,268661,258926,194250,1046609,190768,8881,610587,102009,327860
2006,7,3162799,148468,270121,252544,195923,1037849,188863,8463,613127,102615,329116
2006,8,3153096,144941,265748,248514,195031,1036074,188693,8542,617436,104451,332247
2006,9,3190458,142559,269552,255244,201907,1044407,195445,9109,618385,104484,335615
2006,10,2987184,131421,247289,228282,183178,991246,174167,10195,581816,95468,329106
2006,11,2967847,134944,252427,228303,181939,977085,173969,11422,574666,98867,321147
2006,12,2997342,132758,246878,230274,178865,993485,173277,11579,587712,101337,336152
2006,13,2802452,128543,239412,209836,158881,935002,150553,8565,551057,95814,318215
2006,14,2830943,124439,241139,229100,153370,939047,157861,8509,554330,95907,317892
2006,15,2653631,119645,234149,219151,137297,877619,138357,7554,516010,89201,303133
2006,16,2625714,116865,220519,206774,137935,883187,133508,7886,512597,92311,302616
2006,17,2698552,120306,227486,208084,153305,911243,141047,9012,526077,93513,302903
2006,18,2600421,114675,212998,190114,153200,892020,130205,7606,510234,89879,300472
2006,19,2632180,115453,212646,189859,158364,898508,133561,6640,519205,92188,301045
2006,20,2600656,115826,213347,196770,150598,888875,132850,8598,503721,90398,298428
2006,21,2603331,116408,211143,197667,148924,886577,136429,7982,508619,91455,299101
2006,22,3044455,119851,209995,212435,185289,1076223,153490,8210,605667,116317,354477
2006,23,2800784,115147,211049,206470,165009,968295,145321,8250,551873,107473,319322
2006,24,2853723,115724,222219,201307,169768,991250,147476,14335,554081,107464,324421
2006,25,3080824,114831,226466,212640,188905,1090667,155512,10733,606701,119752,343724
2006,26,2965883,118231,225297,213976,184706,1027165,154097,11281,577028,115340,332251
2006,27,2915216,120841,203174,210465,179251,1030092,150470,10389,572414,113406,323725
2006,28,3088674,118607,199432,221416,203287,1082535,163872,8735,602599,122091,356431
2006,29,3274965,121817,207199,228891,208931,1169145,168369,9676,632438,132566,383690
2006,30,3243731,121711,227299,222077,202782,1143146,166524,11305,623772,131507,378213
2006,31,3402349,117061,230826,232419,208704,1215706,174054,9498,658802,140407,400744
2006,32,2924812,118554,223889,204338,171215,1013699,149548,7841,573582,113314,342675
2006,33,2985955,117014,232216,209499,178053,1034656,152454,8180,590756,112127,342112
2006,34,2879629,116074,229887,198134,172028,982585,148041,7659,569297,107223,335081
2006,35,2822039,114714,226024,198123,171967,972377,147861,7837,565595,101222,312815
2006,36,2686977,112425,226304,187410,163513,913294,140624,7453,533736,99629,306037
2006,37,2703604,109425,222830,203256,166567,904610,141716,6878,541196,100798,303359
2006,38,2710455,103499,226458,206163,168340,910257,142133,6854,536290,103440,299360
2006,39,2666714,104840,229427,187600,162235,912789,140591,7994,527099,96463,286774
2006,40,2659267,99489,222530,192463,161817,910951,143420,7367,527828,97909,285532
2006,41,2623028,99497,225501,192252,159624,890306,144314,7207,521296,90865,273585
2006,42,2705467,100197,217259,204553,161240,934189,144549,7959,550547,91237,282395
2006,43,2785956,106777,229367,216884,166632,950721,149632,9094,552387,94440,294497
2006,44,2827278,116347,235552,217070,166962,962745,153930,8993,545849,101384,301924
2006,45,2783098,114833,232238,208572,166297,947492,147838,8778,540793,103206,298361
2006,46,2836793,115804,236964,215204,164136,959776,155023,10913,555420,103059,310348
2006,47,2877382,108966,237451,228707,167183,973614,161351,8043,564993,103604,311631
2006,48,2883646,117844,242876,219647,174791,972612,155441,6587,564485,99381,313391
2006,49,3129455,127899,250267,254983,188705,1042178,185276,9123,597680,115257,337656
2006,50,2962796,119997,242514,234191,178058,992358,164343,7850,571729,109425,321876
2006,51,2921235,114067,246639,232499,170661,974132,165828,7478,568869,104565,314302
2006,52,2652750,102912,232992,222669,168016,866659,160143,9373,507847,90814,281406
2006,53,377071,15747,34757,32570,24261,121251,23404,1306,70486,12962,38782
2007,0,2402395,93515,203466,191982,139441,801729,136441,6879,465503,85305,257729
2007,1,3019616,125830,252398,242351,182022,990625,174659,10263,582619,105672,319686
2007,2,3182131,129657,265350,263440,198508,1034216,193627,11808,606360,114288,335835
2007,3,3264360,120017,268823,276969,208514,1068701,206476,10955,616470,117098,342111
2007,4,3266446,124864,270548,270630,209534,1063541,203291,10756,622346,116037,342496
2007,5,3367450,123780,283145,270210,217726,1109888,214329,11593,635145,118519,348350
2007,6,3343764,131113,280013,272676,215028,1101992,211635,12510,629490,115678,338147
2007,7,3173661,123548,269485,252468,207139,1049666,201424,11513,590106,112897,329894
2007,8,3090788,115659,262409,242048,198081,1029302,186526,9292,584559,113093,320535
2007,9,3193771,115360,272355,258879,214015,1045775,199602,13343,597420,113953,328982
2007,10,2938722,111695,250355,226509,184828,972100,172376,9817,569620,103961,312796
2007,11,2969186,109657,253430,227929,188426,986798,177833,9511,568163,110933,315561
2007,12,2776105,106118,235839,211902,170730,937569,153620,8288,532585,102629,300697
2007,13,2827746,112547,245665,222537,169376,939543,163729,9245,535765,102455,300961
2007,14,2894033,112217,247229,210295,172636,983831,162403,9070,565683,102588,310060
2007,15,2736353,101897,227065,189640,162772,957803,142720,11424,527780,98294,302438
2007,16,2648154,100742,221511,175184,154571,927975,131237,11870,519746,93696,295505
2007,17,2598583,99816,208374,172995,150417,920982,132251,7508,503398,92294,290920
2007,18,2615166,91539,208168,181841,153125,920756,130747,7625,510914,99218,298481
2007,19,2620052,100074,220663,189640,156743,892897,136014,15948,507101,97628,289621
2007,20,2673843,105893,217933,189387,167015,905949,137893,18521,516484,101850,300379
2007,21,2894639,107502,217210,199632,173601,1004711,148543,16796,563797,110116,336714
2007,22,2779969,107028,202394,199479,165055,970418,143499,14514,537382,104622,322187
2007,23,3012526,104499,199518,211007,191063,1075262,156116,15918,586064,113709,348249
2007,24,2919935,101468,200221,194055,180220,1036298,152096,13372,568830,113671,345357
2007,25,3117829,105480,209967,209708,194507,1119643,166774,15298,608386,120623,353154
2007,26,2705921,104156,199442,189383,169490,941062,143530,15399,522239,100686,310033
2007,27,2970877,100642,187317,202537,185030,1066380,160657,15902,572359,110641,347800
2007,28,2815136,102793,191548,196539,172052,994728,149653,18049,551516,106926,326269
2007,29,2975548,106097,207639,211144,188641,1051653,159705,13196,575957,116020,339596
2007,30,3322566,108277,216787,223194,204984,1197055,179885,14612,640654,133877,381354
2007,31,3060425,106347,216084,216933,189833,1081776,164954,16859,578041,124294,350431
2007,32,2940126,105986,218299,205402,181383,1032238,154686,15540,567920,117540,329320
2007,33,2908103,99551,224963,202278,179786,1012692,154838,14593,563853,117019,325366
2007,34,2957242,100293,226715,200373,185286,1040554,156669,16296,583516,116661,327356
2007,35,2943375,96971,229756,197761,183309,1019747,152267,17242,577533,117643,339281
2007,36,2720275,99228,223104,191453,169923,944603,139408,16263,537460,98958,297684
2007,37,2747739,103313,210969,191931,174039,955477,141593,16600,547338,101111,305341
2007,38,2798289,97063,221055,191345,175876,978042,143533,20309,549001,101845,311726
2007,39,2738077,91780,225119,184228,171525,954272,140218,12945,537538,102124,308332
2007,40,2661356,95654,228317,180284,166417,911265,140761,10421,529213,94386,297419
2007,41,2661051,101160,232713,181827,172109,920350,139309,10020,517736,94963,271948
2007,42,2654368,101780,232596,183500,170740,916755,139521,9570,523389,95201,266133
2007,43,2691291,104479,234536,191944,175687,925822,146146,9097,532456,91926,270127
2007,44,2802552,110466,241045,204937,181493,961341,159764,12211,544619,97879,284045
2007,45,2816183,107367,236163,211430,183198,969513,156608,13592,548697,98145,284224
2007,46,2965638,113949,254878,232565,189944,1004021,176727,13879,577340,99913,295834
2007,47,3045348,116353,259364,229768,202390,1027738,184310,11250,582952,105317,305029
2007,48,3161346,119141,260104,249041,213077,1063047,195356,11691,600497,105726,316884
2007,49,3176072,122462,268400,251491,216255,1062833,192564,12615,600250,105447,325693
2007,50,3136500,121750,267891,248883,217955,1046820,193353,14071,587540,104797,313198
2007,51,2725078,108281,248924,213594,183720,896541,168386,10401,513777,90879,271980
2007,52,777415,33027,73681,61960,52195,252303,48058,3297,148026,25797,78440
2008,0,2177717,79912,188726,176130,145290,719375,139528,8580,410104,71230,217054
2008,1,2896964,110885,251650,226767,175965,980459,165536,11054,552196,96465,295592
2008,2,3063358,119896,259525,261205,178315,1024907,182440,10296,588320,102186,307295
2008,3,3237370,125629,271928,272639,202401,1069911,200715,11547,622747,106014,323945
2008,4,3114918,123462,261992,257093,194648,1033672,187108,12089,592802,102948,314373
2008,5,3029634,113295,261349,244868,188995,1010323,178400,11926,584667,101649,312857
2008,6,3200360,128441,270669,264042,198859,1053843,200384,12122,608032,105484,325630
2008,7,3080866,121276,262064,250591,190407,1016183,189174,12447,591387,102796,314306
2008,8,3122838,118981,263990,249322,191863,1040688,195808,13025,598050,107370,312922
2008,9,3025891,117863,255508,238085,187998,1015966,184368,13324,572590,103365,305144
2008,10,2969606,113463,253810,236324,184011,995278,179613,11015,567569,99731,302751
2008,11,2883605,110903,245280,229226,177434,965426,172812,10181,552567,95785,294102
2008,12,2903709,113564,249663,223118,179898,968389,170023,20597,562859,95793,295228
2008,13,2830577,115277,242921,217742,175079,954712,158595,11076,548110,91865,287755
2008,14,2726440,111528,241227,215917,157727,916887,145752,9986,529754,88034,278065
2008,15,2659347,107962,224708,223413,136918,897984,136737,9594,523537,89321,280046
2008,16,2593016,109425,218484,204721,136266,886880,127583,12041,507486,86493,275195
2008,17,2641130,107660,225036,216988,134826,900670,142646,11927,515318,87837,270682
2008,18,2567172,99945,215980,193353,141894,883706,133116,9199,503188,88170,271864
2008,19,2563779,94965,218458,192607,144142,880851,135514,9183,500609,89862,271950
2008,20,2541910,105943,219360,194558,144805,859429,140752,8887,488333,90027,264530
2008,21,2607909,103317,216347,190196,150220,907690,131390,7794,505700,91843,277799
2008,22,2777003,100855,204029,196291,166498,979493,142236,8706,540192,98353,313250
2008,23,3031418,105130,212762,213582,194601,1077470,155106,9042,582146,115545,339901
2008,24,2714736,102862,215052,197363,165244,940465,134503,9900,532135,101805,303825
2008,25,2923291,105165,214507,203865,176217,1036773,148411,12557,575279,110253,324914
2008,26,2712869,103415,209778,191962,175491,946753,138931,13389,522507,100497,299032
2008,27,3036251,101921,217218,218653,189017,1072771,162121,9194,594904,115734,342679
2008,28,3073345,104566,202723,210992,183868,1090785,164920,10090,601434,119087,359214
2008,29,2919021,105991,210054,200618,174745,1020404,153064,11541,566879,110662,347029
2008,30,2985135,105813,210326,200737,178074,1054028,158878,11067,573285,115510,352937
2008,31,2856673,105020,205342,198464,174984,991001,149630,10355,550009,112213,320614
2008,32,2746485,105227,197682,194257,165902,953358,140008,9565,539529,104656,315633
2008,33,2916123,103005,209043,205580,177827,1025871,148666,9667,559276,110154,345812
2008,34,2828008,104751,215900,194164,176440,979810,146211,9962,551824,104196,303067
2008,35,2921875,106404,215592,206060,189484,1019712,147066,9072,563480,111038,320268
2008,36,2715088,105308,212606,172761,168003,950468,136690,10872,528706,101593,283179
2008,37,2726811,104815,216610,177815,161172,951519,138361,13205,531319,103170,288149
2008,38,2679557,103474,215693,168970,164193,939918,137561,10643,529934,88861,305072
2008,39,2620127,103986,216604,166172,159768,913609,143039,10921,518258,91310,266011
2008,40,2616584,100952,214464,168940,162664,911611,147201,9899,507049,90959,287416
2008,41,2529043,100083,205962,160602,160050,879335,143120,9556,482246,87785,283602
2008,42,2661913,98198,214772,171704,172035,929213,156198,9153,503489,92089,292534
2008,43,2679360,101968,217028,176992,168568,937954,156719,9812,506615,89944,299297
2008,44,2614688,94250,215606,194299,162589,907884,145356,9701,493651,83598,291372
2008,45,2691865,82792,222674,201188,175751,929590,157284,12371,495169,91828,298006
2008,46,2896439,86685,251143,228892,183375,995695,180997,17082,539552,100046,303926
2008,47,2889456,98874,249407,226759,184177,1004599,173322,13644,531989,95611,298662
2008,48,2950480,109883,250590,221574,182175,1019624,175630,13631,530282,96516,316781
2008,49,3109139,117529,268417,247149,206946,1046243,194297,15292,563278,99092,326191
2008,50,3060953,127154,261293,241142,199725,1026200,189278,11454,555683,98044,321782
2008,51,2817452,97040,247693,235568,194137,936541,181063,14795,487314,92533,290876
2008,52,1536423,52197,140011,129251,100599,518634,94438,6069,264821,51315,158746
2009,0,1182631,39708,108372,107545,80084,386243,78892,5127,207932,38851,118260
2009,1,3025963,114377,260675,259483,196258,1011318,194169,14469,558056,98622,300106
2009,2,3232538,124941,278365,277836,218931,1066787,211998,12010,590753,103427,322250
2009,3,3142082,122493,267813,260131,211355,1071547,180038,16253,575010,102464,315750
2009,4,3147077,122531,271278,256472,213593,1060405,195188,13127,568827,101655,316011
2009,5,3020205,99806,267166,248632,199925,1032667,182990,11755,547852,100188,303186
2009,6,2847417,95506,240962,231365,185530,975217,166905,11625,527929,96933,290628
2009,7,2893380,98860,252518,237445,182776,976102,177733,11767,522729,99410,291439
2009,8,2936972,95590,257290,237160,188652,1002283,182829,11308,530732,97383,295987
2009,9,2935948,91160,248555,239781,187792,1001963,182955,11217,544722,97815,301836
2009,10,2822981,91476,244611,222696,176284,962803,167501,10942,521984,92285,295445
2009,11,2628060,99328,225504,198887,166732,907888,149827,10292,491919,79656,273194
2009,12,2654653,94012,232723,207071,168167,913310,154580,10258,484434,84521,274236
2009,13,2609425,90714,227816,216329,148343,908432,152896,9758,457159,81790,268480
2009,14,2571336,87096,219508,247397,142450,869809,156343,9951,454375,85454,262708
2009,15,2465070,81679,198341,211801,140903,861070,141397,9680,457824,82643,256381
2009,16,2481694,75928,199997,192759,145032,878935,143277,10643,447075,84304,261790
2009,17,2411958,84235,196132,183415,138727,861495,138479,5317,430349,78705,259015
2009,18,2400752,85783,182936,182365,144123,858834,131679,6111,444360,79699,262136
2009,19,2396880,86425,179841,183765,147686,854407,137735,4943,429649,76391,262026
2009,20,2344771,71142,181880,181181,142553,852955,136042,7212,407254,69194,262408
2009,21,2383541,69674,178141,178267,144618,851219,138970,6794,433153,75906,271634
2009,22,2388393,85748,178064,182298,142818,851507,134251,6912,446363,78208,262014
2009,23,2409625,86713,167613,177984,152005,871305,136851,8197,435773,85435,266280
2009,24,2477495,77522,166680,172796,169185,899742,137627,11431,446779,87836,285144
2009,25,2834704,71298,179870,195506,193785,1052908,157281,8561,527351,101179,331409
2009,26,2459496,71128,174546,185315,164334,907138,134588,8716,440742,81004,274913
2009,27,2567406,84881,172759,195445,156580,943364,137698,7668,466204,82405,296399
2009,28,2519766,81258,172416,206517,145537,922283,138737,6817,446011,86274,291020
2009,29,2551177,57035,167297,230897,133022,927805,144302,6999,472556,92231,296527
2009,30,2652012,63910,157828,237177,137125,966659,149409,8324,490723,99201,316582
2009,31,2561784,80868,155906,208189,142547,928420,145066,9087,462866,86415,311268
2009,32,2957356,86413,176947,257490,149811,1077687,165184,9254,561305,103547,349692
2009,33,3061526,82131,178918,266416,153036,1141450,170294,16512,556509,112555,350178
2009,34,2609942,67501,181303,210453,148289,955983,143366,10121,489264,92841,298869
2009,35,2544446,67235,178369,187011,156582,927880,141217,8766,493539,90099,288832
2009,36,2580951,67859,179464,224175,104723,946067,142377,13135,487894,92872,303327
2009,37,2524759,64682,175693,238230,105203,915440,139855,10179,478906,88601,294894
2009,38,2558969,68607,173601,245847,108495,928393,142546,10110,483805,85471,300223
2009,39,2474739,69653,172807,212124,130822,893721,145810,9253,459296,83393,270609
2009,40,2473680,72957,169931,172894,153834,907945,145791,9687,480696,85038,269842
2009,41,2525315,76976,182463,176017,159164,916423,157523,10851,488409,85918,268717
2009,42,2565065,75987,188298,181849,161321,935010,150945,14858,493384,86317,273020
2009,43,2551296,75864,192937,180471,159429,923487,147518,13482,488574,85240,281919
2009,44,2587710,76201,191880,184006,163662,939351,156386,12475,500450,86362,281440
2009,45,2554808,73370,187495,179821,159968,926853,149367,11498,494778,86257,279981
2009,46,2602170,74691,195952,181947,164972,943448,153289,5075,514424,88355,279595
2009,47,2619188,78406,196962,183310,171567,949679,153975,8502,514446,90443,273495
2009,48,2724179,82894,207398,194056,178107,981648,161017,5424,532638,94037,281342
2009,49,2927763,92830,221214,208665,194430,1042006,183900,10223,574856,97674,298620
2009,50,2987177,93394,233675,222981,205282,1051080,192763,14313,577503,100931,295194
2009,51,2811098,84248,215811,209785,197519,991476,187750,11997,552083,88027,275694
2009,52,1964215,62722,153055,145604,136432,688791,132731,6962,384993,58415,190747
2010,0,771293,26912,65271,56202,52457,265943,54141,3191,148857,22699,74474
2010,1,3089316,95610,241504,220051,211104,1094287,209830,14896,596219,102371,300191
2010,2,2974445,86805,229760,213700,197501,1063110,189915,15445,579848,101089,293152
2010,3,2900337,79706,226710,205744,187325,1042927,184664,14903,564688,99425,289677
2010,4,2993447,85514,233136,213348,200645,1067063,197249,18846,579540,102151,292286
2010,5,3028229,89983,238735,218120,203133,1075365,196990,12921,590253,97724,298907
2010,6,3008607,91999,238275,211273,201447,1067038,206493,13764,567990,99487,303497
2010,7,2858667,89896,229077,199220,187716,1012203,190896,12520,542225,99159,290319
2010,8,2904789,91218,235732,197980,184763,1033826,190616,16274,550087,99110,299868
2010,9,2756299,86749,223253,189309,169524,990051,177222,13512,527775,90337,285480
2010,10,2622364,81954,208678,181814,162194,944166,158066,12060,514137,87907,271449
2010,11,2542060,80073,195886,175214,158178,914519,147791,10598,501145,87818,266881
2010,12,2649972,84480,206471,185454,169204,947307,159165,7005,520318,90850,276580
2010,13,2456190,80164,200944,169733,151892,883319,139495,5815,485826,81065,256151
2010,14,2473020,79807,204499,167886,148914,903048,138035,6728,488939,76985,259193
2010,15,2456732,74058,204547,171020,147316,901831,137016,6786,481540,79467,258831
2010,16,2448350,75880,195714,167222,144414,895392,136478,7510,488863,80923,257771
2010,17,2449771,76365,198370,165843,151292,891849,137961,-196,480742,80266,253849
2010,18,2481176,76536,187330,170446,150837,909935,138949,3010,486567,84622,262711
2010,19,2482780,76230,186167,166307,149731,907821,144354,5265,479061,85454,264336
2010,20,2465128,72541,184602,171068,145130,910690,140740,10405,478311,85604,263646
2010,21,2821623,74925,188703,200810,165719,1062754,165704,6061,539706,100620,311902
2010,22,2774455,73580,184948,182361,168880,1049178,151109,8547,541554,100627,314874
2010,23,2540478,74345,176499,168054,153023,926160,137514,4658,482575,90010,303903
2010,24,2664187,72241,175139,183695,151516,988990,144743,4008,483641,95809,320104
2010,25,2840550,68285,180187,190324,162372,1063824,150785,4768,549968,107458,341556
2010,26,2571234,70238,180205,177502,149570,944366,140782,4194,441947,94169,300559
2010,27,3270314,72206,194633,239782,192340,1235886,187707,5295,591253,119266,367561
2010,28,3107757,70293,192154,219977,182896,1177055,174734,9323,604695,119219,347325
2010,29,3023752,70306,182030,201575,172069,1150768,165956,10233,601012,116732,346049
2010,30,2861909,74539,183544,191744,166627,1071440,157676,4817,573274,106600,332589
2010,31,2925049,73380,179277,191536,173629,1092821,165304,3909,591224,111627,338931
2010,32,3067154,76086,193022,197902,172596,1139186,171752,11837,620804,116439,362348
2010,33,2868271,75675,192192,179843,164414,1059869,156995,11470,575920,107245,338237
2010,34,2684883,72499,192660,175971,158274,984840,147073,11731,545604,98655,306928
2010,35,3119185,74173,203335,219858,185747,1153938,175831,11861,622798,115541,346759
2010,36,2484764,73393,194479,170298,155721,889636,135994,12799,492171,90400,269165
2010,37,2496676,76683,195178,164497,152609,896648,137694,16672,496137,87346,272869
2010,38,2544584,80261,196498,168564,151608,910687,136499,15768,509434,92166,281114
2010,39,2467710,77916,193567,168712,149298,889341,137370,10951,494016,89291,257147
2010,40,2476887,79112,192139,168712,148093,894642,139793,11349,496705,87786,253529
2010,41,2427788,84396,195790,164606,147576,862579,140349,11466,478306,85947,252841
2010,42,2503264,85242,202716,173259,150416,895421,145845,13635,502827,85914,256111
2010,43,2495971,84576,197196,175840,155590,896987,142650,13021,500507,83594,252858
2010,44,2589723,81220,204976,179869,164257,929688,157295,17810,508159,87840,269057
2010,45,2580908,79163,206127,175290,165019,925669,155049,16188,506001,88605,266488
2010,46,2602351,86603,205142,182979,163683,927927,153650,13508,510496,91107,271441
2010,47,2700660,89441,225017,191654,176340,957483,163180,13996,524444,95642,270366
2010,48,2777726,87324,220744,198213,177684,982716,169407,16128,549330,93753,281833
2010,49,2946832,96703,234886,214219,201328,1036929,199691,16722,567942,97760,288281
2010,50,3027363,97292,241515,213182,204986,1058986,206793,18058,585706,98494,302675
2010,51,2852593,89099,225627,202022,192739,994268,195050,18286,551559,94423,289267
2010,52,2275210,74568,188961,166277,154540,786638,157807,14043,436158,73657,222954
2011,0,336162,13556,29429,24511,21409,114568,22157,2048,64670,11176,33303
2011,1,2895412,98006,233181,204700,183874,1012581,194315,18976,558258,92860,291310
2011,2,3033090,97139,235970,216734,203565,1068926,207893,22980,576197,97132,299791
2011,3,3087088,101597,248490,224726,210573,1077611,211567,18147,590002,99207,300077
2011,4,3087057,100362,245595,227798,214821,1071295,204816,19842,592569,98548,303464
2011,5,3073392,99218,241286,220021,211881,1080350,206953,25147,590117,98530,287354
2011,6,3010837,97943,237419,210587,198567,1069786,202078,19651,578450,96781,286054
2011,7,2842541,94666,227503,204853,185576,1017405,186304,18175,550078,90908,261388
2011,8,2911661,96147,239357,209170,190609,1019035,197203,25926,553761,93636,280601
2011,9,2882839,95767,234479,207753,187701,1019941,186428,18266,560356,91970,271336
2011,10,2850794,89598,232693,202851,187484,1014066,179362,17372,552011,90710,269681
2011,11,2676442,90641,219144,184795,169063,953512,164086,16954,521652,86095,261250
2011,12,2771547,91903,222597,192229,175995,981145,174453,17210,544555,88219,269778
2011,13,2693556,87648,219029,186438,167421,956241,162797,17162,533971,85579,267224
2011,14,2584238,83894,216061,177353,159484,925721,150813,14346,509264,84149,253691
2011,15,2511748,84040,206334,175249,155932,905542,145064,16796,498288,79980,235525
2011,16,2547816,82841,201469,176085,161961,910520,156662,18798,502894,82022,244801
2011,17,2422386,79147,189531,168017,142609,881358,139013,15596,480004,75567,240416
2011,18,2435114,76190,185844,168527,145089,888106,142555,9498,484233,78184,247712
2011,19,2393303,75362,180098,165516,136271,879907,134615,8160,471785,77089,250912
2011,20,2445552,75609,176712,169855,145095,897444,140417,13629,483281,78647,251531
2011,21,2373603,74109,161335,164960,139466,869035,140909,16671,469635,77500,249171
2011,22,2572998,75323,154056,182375,147010,963571,146467,12131,513661,84256,279703
2011,23,2684761,75743,153345,192602,150015,1015284,147731,15528,532706,90082,298658
2011,24,2562240,74248,157373,185710,149720,959978,148188,21154,502891,85316,267955
2011,25,2658301,75703,171805,166826,173743,987176,151524,20189,519270,92974,283474
2011,26,2595458,74123,176771,180686,155356,960941,143228,16576,501829,92078,281393
2011,27,2872505,77686,182988,200225,171554,1082966,155079,16294,556848,98947,312509
2011,28,2977503,75975,192011,201471,178117,1132700,164782,13416,582824,106469,314848
2011,29,3378510,74045,195286,225080,189223,1302543,195844,7666,668636,124474,377272
2011,30,2966098,74543,195054,194170,165315,1111682,167807,15401,581420,108660,343681
2011,31,2981173,75390,200038,202237,169436,1108751,168269,14870,582461,107247,342812
2011,32,2840454,76740,195184,190146,166067,1063283,154722,9332,561240,102302,313670
2011,33,2880692,79271,193516,192751,171039,1096283,159091,7868,555491,104266,310424
2011,34,2702091,76777,192322,179156,162626,1012951,146247,6283,525114,95904,295411
2011,35,2810970,74336,202714,185851,168455,1037843,155858,9097,543736,102005,317701
2011,36,2549099,76888,186182,176922,155138,939320,142155,5859,502354,88409,272697
2011,37,2571683,76103,193507,173228,151663,946933,144783,6000,510052,88917,278067
2011,38,2533401,80241,193481,169328,155489,918173,139175,6931,499878,87540,275184
2011,39,2535141,76860,195631,171012,155067,931280,141921,6650,507544,88521,257239
2011,40,2473885,70184,199107,168075,152119,900304,138824,7999,498213,84968,252629
2011,41,2464120,85514,195536,167912,146953,890173,133439,8598,494600,83932,246654
2011,42,2496869,87123,197863,167600,147473,910110,146938,9384,500185,79708,242064
2011,43,2543909,89555,198481,171196,154361,927973,150934,12186,501480,83386,250915
2011,44,2543013,82968,201622,176068,159185,925001,149168,10126,499848,83787,251033
2011,45,2548966,90778,201020,175085,159201,922281,143146,13229,506588,81205,246659
2011,46,2573206,88147,203549,172389,159323,931620,145478,9592,516338,80941,251144
2011,47,2635914,89154,207432,181294,170799,951233,154863,10095,526244,83398,249345
2011,48,2693924,89214,212391,188354,168822,968304,164726,6887,524047,88395,273288
2011,49,2778443,94325,219637,191563,176375,999064,171480,11806,537735,90338,277926
2011,50,2776816,90065,219179,189517,177767,1000285,167159,10517,540329,89911,281322
2011,51,2797517,87517,222102,198992,184219,991803,176758,10751,544994,91429,275144
2011,52,2607967,86267,219529,198146,185267,910772,174270,10267,490928,81704,242849
2012,1,2802835,86176,226763,209244,188963,985811,183267,10429,550833,91813,261162
2012,2,2831193,86677,226734,212820,185278,1006501,180069,11096,551235,90430,268801
2012,3,3001156,97583,241873,223471,204534,1056349,198830,16757,578201,94467,282073
2012,4,2871115,88879,229707,208520,188757,1028969,182786,12949,559726,93067,272434
2012,5,2809421,84298,224215,205493,183259,1007739,176749,12872,547593,93494,268553
2012,6,2821480,90002,225845,201670,181692,1006919,179915,13037,548962,91333,268484
2012,7,2821653,89672,220726,198951,182314,1010268,178225,12226,550502,92715,268366
2012,8,2748216,88688,223594,191000,175762,978628,173654,11604,542327,90793,264230
2012,9,2799413,91230,229833,200875,182164,992347,176843,17936,549041,89992,257740
2012,10,2790759,91969,233847,197387,178457,994905,171866,10907,557761,89743,254317
2012,11,2510265,87662,202956,179329,152839,903651,140482,13806,503847,80840,233994
2012,12,2448711,79165,192039,173167,134824,896400,129910,12686,496659,80536,243613
2012,13,2556724,83570,203947,196924,131445,928816,148795,16316,513259,79587,244464
2012,14,2473428,80990,201210,192261,124521,895426,146970,16349,491275,79262,236485
2012,15,2480062,83876,201231,181855,128873,899587,148489,16838,498590,79128,237152
2012,16,2474191,86085,203899,186803,122713,897164,140114,9668,500021,81341,230983
2012,17,2520079,71776,197650,193782,142889,923909,146967,10619,506299,79551,232834
2012,18,2453806,72457,196224,184795,126507,907076,136480,14667,484112,77624,244323
2012,19,2401132,75237,192306,177924,122838,889301,131048,15705,473068,74292,236560
2012,20,2424972,71221,192789,181793,115945,900078,136417,15861,483355,76724,235641
2012,21,2615044,68301,192160,201522,132069,976505,147249,16558,519452,88766,255681
2012,22,2614750,68032,190829,191358,128069,985318,149557,13618,528671,88514,254942
2012,23,2502084,68921,183335,180671,128817,941031,143345,8810,498355,84333,251918
2012,24,2739672,68700,192481,205418,133849,1034234,157090,14059,547281,95003,280105
2012,25,3067515,65433,197520,235217,150376,1181151,173128,9902,615024,106903,312613
2012,26,2811958,69330,200143,212852,134101,1059100,158298,9606,564970,95005,297502
2012,27,3077006,74287,203962,232918,150624,1164908,175681,9314,614383,104744,327703
2012,28,3014896,80888,202079,222963,155513,1144545,170336,7508,604399,104545,307174
2012,29,3061872,73992,200613,218023,164970,1169216,178247,12405,609364,109282,317930
2012,30,3016218,73388,195676,212131,156063,1147310,173247,7303,614985,107646,319719
2012,31,3101474,73117,204160,232285,158545,1169854,177381,13313,623753,110972,326216
2012,32,2827710,72955,194609,212469,145548,1060769,161286,21955,565986,96721,289882
2012,33,2723634,78423,190417,211997,136943,1015504,152489,15608,545221,90576,280271
2012,34,2771956,78316,195769,208228,132387,1034791,156283,15223,558982,95226,284619
2012,35,2881033,74873,200157,195951,160530,1073981,164531,21256,576308,100203,299373
2012,36,2828258,74112,195651,195452,158409,1053810,156442,18696,565266,101359,298469
2012,37,2579815,77433,182854,138119,182025,963082,144103,11731,520044,90143,264542
2012,38,2475582,71303,184230,118032,197683,916306,140937,14207,501813,82880,241659
2012,39,2445831,74650,181411,123409,186825,900857,144183,12303,495375,81732,239647
2012,40,2479395,78961,189830,120032,197316,904496,142421,13812,497203,83054,241053
2012,41,2477700,86726,205077,120326,191867,895858,150341,16371,496780,82176,229145
2012,42,2498883,84523,191931,121823,194652,917636,139207,13033,509467,82295,229918
2012,43,2519709,85676,193454,122939,186685,922414,138731,19121,510341,81530,241913
2012,44,2616927,86294,217291,137996,188978,945948,145873,19255,533826,83679,246549
2012,45,2695372,86217,219516,166818,178616,972087,156817,13287,549073,84976,262271
2012,46,2621373,90303,209017,162196,166693,947346,152578,11681,533466,81819,255366
2012,47,2619783,88110,206903,162826,174101,947928,151972,13800,528278,83930,253234
2012,48,2818063,97209,231835,174118,200597,1006996,173176,12096,559344,87947,265648
2012,49,2732937,92991,223677,161327,197990,985183,165318,9289,544186,84490,262162
2012,50,2821470,92480,235576,171622,206182,1014857,177495,9886,552130,89568,266758
2012,51,2775703,90357,231146,171392,206752,986581,170764,9608,549936,88294,262170
2012,52,2657437,95338,233959,169845,206699,915772,179317,16050,507684,79097,244365
2012,53,755338,26186,68349,48421,59582,261685,51366,3643,145300,22142,67396
2013,0,2029855,68808,173372,127742,159110,706978,132529,8145,399892,63135,188087
2013,1,2778351,91782,226235,178693,197604,987634,171178,8961,558169,89040,258334
2013,2,2842362,103430,243307,178890,198819,1004254,178765,9980,557887,91440,269812
2013,3,3144059,106951,267086,222099,224476,1086208,212994,10252,608902,97164,307440
2013,4,2953715,96061,251137,196036,208828,1031002,189562,14150,579993,92611,285978
2013,5,3065493,100120,265702,219193,204817,1070161,202117,11994,594141,91900,300232
2013,6,2880225,98457,241445,192924,188445,1022616,182502,11902,568899,85493,279521
2013,7,2922553,98405,250090,194492,199941,1031534,192938,11777,565787,86609,281990
2013,8,2816348,89223,233159,162761,200621,1008399,173994,16531,543068,87240,280832
2013,9,2767984,90148,229489,159775,194836,1001225,171727,12085,549056,84238,265737
2013,10,2711577,94106,234052,157126,193918,974581,166050,10939,516110,83328,252315
2013,11,2790674,85657,235639,161440,199213,1008936,171432,16685,540192,81551,265647
2013,12,2557205,77950,219734,141344,180427,923999,150618,16529,509949,78337,246622
2013,13,2624684,79988,231824,143452,191118,954985,156796,15137,531161,81199,236590
2013,14,2620291,82239,226557,149265,185321,956249,153803,16961,522046,81951,238662
2013,15,2525026,81364,221372,143321,173625,925181,146298,17228,506994,79348,224243
2013,16,2481176,73534,212519,138731,171096,915395,141232,9379,509599,74389,231243
2013,17,2384593,66889,196547,136792,159768,891982,127138,10530,480994,71405,232476
2013,18,2404502,68203,192892,140016,159065,907352,129722,7457,472133,76199,238700
2013,19,2387257,69330,196298,128530,162547,892305,136151,6303,479244,75377,230353
2013,20,2417814,69217,195235,148754,146734,894818,135317,13152,475831,80833,245771
2013,21,2586086,73629,185453,154181,159465,978881,142401,13178,517941,86847,259859
2013,22,2441757,76512,186881,140231,156006,913084,134147,8349,487118,78999,245434
2013,23,2496019,77679,180885,143070,155860,939621,136361,9576,498775,83349,258925
2013,24,2588030,80460,185234,141865,155596,972897,140586,15135,521975,87239,268249
2013,25,2940467,76312,194035,164294,184344,1127919,166036,7922,596671,98330,310117
2013,26,2719320,74220,195947,161558,184351,1020284,153053,7652,540539,91719,275914
2013,27,2862329,72466,200842,162192,195007,1073531,163663,5392,596193,96719,292383
2013,28,3352260,73857,202318,192949,216298,1312694,193674,10074,675448,117914,348274
2013,29,2658927,79411,200398,135905,181037,1002850,147470,10170,537010,84352,273276
2013,30,2568814,77527,192720,136036,186348,954593,144554,14348,517498,80683,258440
2013,31,2590672,74792,184829,136150,175186,970270,146665,9789,521720,90016,268779
2013,32,2561101,76982,186967,128311,177576,953658,144000,12303,515751,86702,264527
2013,33,2856120,81780,197500,146094,190645,1078583,160647,6291,580604,99287,299752
2013,34,2990493,82619,204898,153424,198795,1124533,166674,7049,614962,103485,324183
2013,35,2542113,72399,193358,126796,174113,951527,138564,6275,520012,82230,270530
2013,36,2676711,76133,188550,130320,177777,1011403,147002,7896,558399,85321,285649
2013,37,2485742,78581,189424,131035,167824,918220,135220,7956,509884,78975,258928
2013,38,2433850,82153,191799,126416,159540,904316,128110,6172,511673,74291,245781
2013,39,2522373,77807,201802,136379,155466,935238,129318,7238,520283,84783,266114
2013,40,2456047,81077,202436,131062,156818,902032,130633,8726,506012,82274,245140
2013,41,2425871,88075,206607,126800,162512,876885,129437,5543,504512,76436,241910
2013,42,2559246,88674,213359,121640,191693,923663,144527,17998,524840,82401,244094
2013,43,2584850,86624,215952,147170,178943,930532,140969,11242,529856,81042,252310
2013,44,2618292,88564,211251,141173,191413,949419,146989,6903,536919,81989,254434
2013,45,2676684,95741,219984,153401,193494,967710,152166,7223,547128,81627,251077
2013,46,2720611,98494,225199,154851,191240,975018,158416,9930,549666,83742,263100
2013,47,2911414,99870,241414,168981,211853,1039622,184899,11271,580517,90857,277503
2013,48,2823070,102710,228518,164292,196423,1012751,172335,8195,578739,87685,274312
2013,49,3070866,112149,247670,198776,208496,1095783,197401,11237,617592,98009,286644
2013,50,3060270,110828,254123,215874,208284,1074987,195580,6021,617930,96208,282627
2013,51,2669830,105097,229633,189241,193827,895565,188287,14193,524613,81112,248701
2013,52,1180805,46444,103795,84883,79801,410791,81175,4016,231354,34232,107203
2014,0,1753127,62974,146831,130555,122921,610279,124427,6005,343394,53609,154656
2014,1,3061415,106546,245545,202282,204437,1099935,199049,19359,605006,97707,293402
2014,2,2860515,105087,235255,163684,202158,1032501,176632,20518,570263,92146,268482
2014,3,3210047,112042,271531,220933,221029,1134964,217681,20420,629074,100669,294939
2014,4,3143982,110086,269540,215886,203331,1125727,206516,14042,622908,98507,283287
2014,5,3061848,102003,260793,184381,214846,1093012,197223,19368,606703,99467,291784
2014,6,3082030,102354,265733,191033,210474,1091664,200459,32781,598219,100842,299051
2014,7,2898044,98655,250544,171441,204817,1028511,186120,26478,566453,95530,269842
2014,8,3033637,99997,267219,194522,194883,1083232,200265,26829,591645,101486,277650
2014,9,3014388,88096,264589,201087,186642,1075428,194621,26258,595825,99588,284325
2014,10,2805676,92860,262193,168622,189712,1002646,170246,18264,560227,89998,256985
2014,11,2842459,95251,254550,168260,194138,1017707,173177,14839,564500,93605,265429
2014,12,2853110,97095,250946,178654,181000,1020285,172065,15397,575593,91341,274309
2014,13,2634831,87228,230563,146584,178476,959949,151731,13139,534080,83143,248465
2014,14,2532934,82229,224257,142118,169518,922081,141317,23589,508788,81907,238450
2014,15,2519395,85712,227737,146309,170771,903387,146783,27097,499635,79260,233233
2014,16,2459178,80931,212881,134688,167919,898972,139847,18849,499093,75527,238037
2014,17,2475142,77646,210026,131366,171489,917612,139498,14472,507861,74820,233742
2014,18,2392594,78080,192797,127564,155629,891091,130860,15063,487509,72925,238635
2014,19,2399613,75917,182693,134508,152833,889649,131629,19521,492897,75493,244241
2014,20,2323261,73745,179244,128752,150246,866478,126925,11678,480272,70681,232404
2014,21,2475107,70530,174807,131721,156006,952239,124022,1908,526365,73896,256206
2014,22,2512462,74146,179640,140875,155468,956103,129053,1958,538119,73551,257778
2014,23,2552421,73671,182976,143657,169150,973128,134607,6405,529843,76571,261516
2014,24,2577122,70692,180011,140129,156993,976704,135642,11434,540103,79845,285377
2014,25,2757738,75890,191696,157504,169090,1046318,144626,10388,574476,92612,297404
2014,26,2756753,67881,205948,159763,181223,1056956,149358,6025,564768,88965,282038
2014,27,2640434,65327,199567,142074,170250,1008567,139447,4807,548719,81560,279753
2014,28,2582171,65751,192058,135308,172489,981647,135876,7168,536291,79816,275626
2014,29,2719487,71994,200046,150929,179534,1028834,147163,8982,565167,82906,281739
2014,30,2591042,73843,194446,136341,166014,979714,139626,15480,536923,79332,267418
2014,31,2637511,79729,201643,140217,173860,980719,141354,8930,547376,84497,280936
2014,32,2603216,75514,202327,139037,175709,972180,142543,10026,543323,81126,263268
2014,33,2642230,76704,200533,130048,168577,980382,142488,11142,554079,84052,292289
2014,34,2708822,70443,196505,141550,168436,1027508,146686,11909,569602,85731,291672
2014,35,2787737,68795,188572,155135,178013,1067695,148111,8839,591453,89769,295695
2014,36,2514436,75025,190515,131941,165577,942887,130559,10018,534816,73969,262007
2014,37,2402642,61503,192613,124901,159179,900388,129914,9550,511298,67728,248973
2014,38,2447770,69722,190037,127767,158798,928915,130142,13093,517725,71147,241978
2014,39,2473691,71638,195132,131612,153867,936118,130729,8518,526813,74047,239183
2014,40,2410089,73696,204267,125039,162173,903566,138058,8415,508372,66897,225839
2014,41,2400563,76361,196320,121898,168899,882925,136700,17280,490324,68624,225323
2014,42,2459115,75445,203457,125468,176644,913810,138242,11387,506153,70466,234919
2014,43,2495365,81196,210238,128866,170271,928307,140363,7666,522313,71883,236941
2014,44,2550177,84626,210033,135112,183295,946810,143386,6780,532163,73759,238924
2014,45,2624964,86620,223325,144623,176447,965630,152446,8430,538697,76237,252388
2014,46,2830402,95820,239151,156540,197099,1035649,173448,11278,574836,85934,262954
2014,47,2773008,98654,239567,152771,196930,1005955,170172,13428,553843,86055,259462
2014,48,2823046,97520,235548,168842,197712,1020755,173228,7599,573999,87659,265501
2014,49,2847901,95376,238796,178985,196521,1035091,177014,6513,570568,89936,266174
2014,50,2815919,95104,235739,168028,197800,1026923,173342,8061,553138,86574,271471
2014,51,2518778,86828,215082,155483,179578,917629,159305,11105,492101,71405,237648
2014,52,1514480,58228,134123,90518,103676,544004,101274,7501,294902,41691,142081
2015,0,1147158,43044,100695,74252,82443,406175,78673,5491,219271,32256,104866
2015,1,3024601,102874,242030,205229,208656,1095246,202387,11018,599003,92953,273829
2015,2,3034126,100939,239257,201823,215251,1088384,203223,10540,602153,94324,280342
2015,3,2922356,95823,244007,186794,200180,1049360,195602,12125,574003,93674,277765
2015,4,2991738,97285,253174,190826,207384,1084949,197511,12006,594633,95065,273814
2015,5,3026457,106428,248010,224157,201061,1090852,200865,11632,592724,91180,273517
2015,6,3048859,100773,256575,216247,211481,1092264,205384,11120,599887,94770,274423
2015,7,3138612,103402,259467,223265,213101,1122383,214757,12924,616882,98108,287974
2015,8,3088351,92339,254067,212175,205738,1123778,208608,12308,618048,97842,279648
2015,9,2934645,89125,246596,175439,208685,1070097,190685,15111,589537,92950,265092
2015,10,2655115,81222,234046,159011,178490,977613,154632,9153,540619,82210,244398
2015,11,2618680,85710,228314,154455,181920,956497,150876,8794,531063,80825,238996
2015,12,2717980,85760,238796,164745,180880,995237,166278,11013,546106,85125,251003
2015,13,2518883,83653,228625,150489,158706,923781,142833,11107,519856,75645,228125
2015,14,2567674,85359,225270,146561,168686,944970,150317,11176,528880,77346,234654
2015,15,2337276,75033,200731,129293,137512,888719,126630,13105,476182,72865,221275
2015,16,2417816,79760,202604,135614,150407,923523,137865,12530,489964,74758,223265
2015,17,2322821,74114,192713,135658,125530,888908,123772,12805,469496,74423,231725
2015,18,2369968,73567,188759,128374,141477,908567,125349,19237,473779,78064,235208
2015,19,2380517,75585,189278,122855,147721,903916,127167,12486,494641,72975,235762
2015,20,2285973,69123,183882,120316,141497,872606,123565,15762,471821,65942,227772
2015,21,2563494,64178,191399,142432,159739,996899,141349,12322,533352,81197,250184
2015,22,2359978,67645,184561,128413,148348,899312,130301,10394,486182,73569,233879
2015,23,2468908,67413,185181,133677,156492,939774,137849,10029,506445,78012,252456
2015,24,2528048,68530,178001,141894,146477,975519,132109,8879,529719,80819,269417
2015,25,2560948,68228,185557,135580,163746,990068,133628,9163,531928,81527,267030
2015,26,2344942,68815,183397,114425,165236,881490,124832,12532,478993,68603,243938
2015,27,2638287,70961,189624,149574,167865,1010942,139761,12620,550646,82594,264320
2015,28,2700730,72834,191506,146927,172192,1043739,146960,8794,560494,86044,275736
2015,29,2789320,73602,192879,148046,179625,1088879,148773,9634,572362,90747,295670
2015,30,3007712,75923,200490,168423,186540,1177966,165771,8143,610485,103222,311443
2015,31,2551853,71400,198489,138397,161865,964851,135383,8022,521342,84383,269274
2015,32,2662518,74801,185914,142026,176028,1012642,143921,8221,549501,87342,282073
2015,33,2904322,72546,189573,166741,186990,1126102,161695,15766,588746,96347,301448
2015,34,2528635,73887,189829,144933,156302,954545,135472,12785,516033,84727,259935
2015,35,2954702,76525,198303,151170,186308,1144178,161327,13293,599731,107176,313137
2015,36,2786447,72460,192946,153968,185553,1073089,150018,12642,564898,100855,283908
2015,37,2570446,69271,199111,145306,162185,988353,134607,13892,524789,92352,253935
2015,38,2427050,69174,190841,126017,155349,927529,124827,16603,498840,86417,244154
2015,39,2410119,68853,195245,117505,170739,913888,130360,11472,494604,82179,231413
2015,40,2414030,70100,201325,104499,186989,893555,135613,13150,491786,82772,244778
2015,41,2335924,76318,199119,109082,173703,871116,129967,7429,471496,74456,232095
2015,42,2462573,78391,208262,126557,183002,905531,144952,12662,486152,78011,244601
2015,43,2474381,74998,205351,127743,179920,914064,147016,16507,486216,80193,249392
2015,44,2404411,75293,192395,129117,164004,896929,130759,13831,487451,70846,245905
2015,45,2468428,74937,194828,134419,170475,922523,146869,9879,496435,72147,245028
2015,46,2457218,80038,201196,141583,169683,915797,138393,11947,494822,69737,232416
2015,47,2598507,83384,218939,148685,182385,951065,154288,11111,526348,74918,250052
2015,48,2649181,79465,217698,158210,186994,964372,158466,18419,530199,77124,256615
2015,49,2578561,80800,210230,145553,178148,950599,150864,13651,524638,75210,253259
2015,50,2627605,86137,222054,155463,178692,966278,157523,12848,528296,75411,248054
2015,51,2420513,83502,213387,142848,163116,886343,146278,12566,478019,67970,226830
2015,52,1812383,61755,164411,112971,134019,644142,118798,11629,349424,47957,164481
2016,0,696488,23897,62623,41613,51580,247910,46468,3318,134519,20812,63723
2016,1,2791380,85163,229342,167112,199810,1013387,178949,12697,551411,82092,266351
2016,2,2858726,96779,239034,170342,206308,1036776,183594,14662,565077,83299,263010
2016,3,2912600,94590,238087,180250,206536,1049893,192213,17533,571855,87700,273810
2016,4,2770650,86222,234416,173727,189953,1012393,175091,14166,547391,82419,254563
2016,5,2656530,88563,234279,154622,179244,972971,161264,14412,524120,79071,249530
2016,6,2864059,96479,240878,174270,208004,1036085,186440,19378,556421,84418,263265
2016,7,2836379,87924,238300,180726,205919,1025127,189613,18710,547826,85506,259812
2016,8,2739461,85887,230513,167436,188553,998530,169645,14505,541607,89737,254885
2016,9,2763387,85765,236331,170635,182518,1012867,174600,15053,531512,91008,262194
2016,10,2513081,85700,216365,143680,166248,930481,140145,13630,495939,79810,238975
2016,11,2473603,81291,210182,138584,164904,920214,143472,13631,486775,78125,236697
2016,12,2537190,79675,214003,135672,180385,936075,151464,18878,501876,80976,240235
2016,13,2436408,79332,211598,130765,166060,906648,148061,15993,477278,76276,230567
2016,14,2594495,83605,209898,144054,178996,969257,162291,18190,508992,81477,243861
2016,15,2473882,74651,206028,133887,158563,925954,140388,19406,492509,79475,248580
2016,16,2295285,71134,192769,121064,140245,868266,119812,18198,463316,68441,235103
2016,17,2355909,73004,192620,132936,137053,886098,130460,14369,474187,71066,243857
2016,18,2295446,72222,181882,115277,156972,875214,125619,18623,459451,67237,222827
2016,19,2247983,68818,182323,116372,149076,872752,125498,12064,441161,69440,216744
2016,20,2271961,65358,183967,122178,142915,879147,130069,15915,451178,70137,218880
2016,21,2477177,68234,184195,135115,154550,973047,135399,13188,496029,79097,252657
2016,22,2649489,65477,181143,130120,157935,967100,130985,13337,481499,79818,256359
2016,23,2395023,62241,188861,123500,157017,924734,128949,15854,477275,75121,245472
2016,24,2507383,63561,190314,136489,160130,968505,135670,17301,496666,83215,256728
2016,25,2734515,66483,190835,149713,167943,1072848,142743,12351,552373,91640,289196
2016,26,2627519,68162,199220,147043,175993,1016763,138540,11391,522184,83283,265629
2016,27,2840925,66504,196610,151748,183326,1117886,151569,11497,572738,92742,293105
2016,28,2846853,64511,199113,149838,183693,1113776,154881,11605,577850,95690,297959
2016,29,2880457,73084,198400,147563,184653,1124050,154139,16638,576746,96001,305993
2016,30,2942066,71300,202110,152192,189177,1140193,160426,15763,594381,98551,314861
2016,31,2928278,70211,201356,155133,198209,1124633,164122,9321,589883,99379,310739
2016,32,3085931,67770,197325,154594,209709,1214937,171687,10971,625265,108641,323707
2016,33,2951353,73837,209887,144676,196226,1134651,158001,12084,610681,91998,313271
2016,34,2823745,72486,194919,145484,184050,1102122,156059,16702,570015,84060,295146
2016,35,2731039,69359,182150,136547,181898,1066742,142743,16254,563022,81862,287098
2016,36,2868807,64834,193262,146815,184732,1110088,150634,17120,594801,89779,310482
2016,37,2509687,70666,187552,127548,158905,966076,126046,17430,508163,81793,263708
2016,38,2604423,77443,192141,127316,173232,992063,130628,17596,527728,86076,277314
2016,39,2358945,70262,195818,122880,151678,891236,125712,13512,477678,69586,238171
2016,40,2386138,67233,194727,128356,152432,896664,133151,7996,484447,72960,244749
2016,41,2283722,72648,198628,118994,146916,844400,131683,16206,453268,69088,228744
2016,42,2388851,67053,192751,119391,166912,900738,134689,12621,479416,72546,239464
2016,43,2449651,79187,207958,132050,176500,903783,141532,14394,483153,69717,240409
2016,44,2424990,63214,176493,135067,121324,760849,115030,10967,410269,62478,206006
2016,45,2403995,71186,202676,134320,161736,893124,131300,12115,482577,72600,233454
2016,46,2428489,76913,205812,136732,162046,904505,134140,15158,483328,74402,233243
2016,47,2667685,83101,230348,157216,186499,972221,163214,17176,519517,79865,256324
2016,48,2558619,79848,219223,153433,179900,942043,151262,15626,492501,74975,248030
2016,49,2686253,83618,224230,157145,185901,989453,165466,22271,517055,80041,261145
2016,50,2890062,96391,236954,168590,212752,1047852,184867,32515,551430,84706,272980
2016,51,2781994,91321,232993,160813,200253,1011432,173027,25582,539757,76946,265084
2016,52,2490780,84756,227775,141904,187781,898102,159393,10693,481440,68016,229070
2017,1,2710917,89746,237678,153974,207812,1014910,175542,12324,546889,82580,256372
2017,2,2822694,96541,229525,161584,207909,1027304,177609,28334,543795,81907,265454
2017,3,2713763,83719,222536,158317,189735,983365,163732,30055,528329,80322,267182
2017,4,2660215,82221,217305,154198,189410,966451,158932,7613,545935,76199,259429
2017,5,2801968,90344,237348,159723,199414,1016305,176597,18502,552563,82791,264192
2017,6,2796504,96961,236500,159903,206666,1007084,175360,14089,553713,81678,260341
2017,7,2683699,84971,226872,154074,196553,980146,166263,13092,532688,79267,247559
2017,8,2449190,81462,212249,132700,176236,897971,143330,15554,489688,71745,228474
2017,9,2603926,85832,230454,146303,184558,956953,157178,17207,516881,75378,236716
2017,10,2625690,87412,230183,159315,185078,971019,158208,14149,519937,76045,241481
2017,11,2723381,85382,227623,161168,194547,1005364,166930,14116,534098,79980,257235
2017,12,2552859,82584,212720,135814,188682,951773,146247,12410,510319,75663,245579
2017,13,2493077,81484,211657,127460,194556,924980,143750,11085,503131,73767,240385
2017,14,2398096,73006,197657,133332,171642,897725,135972,9214,490243,70507,230749
2017,15,2226398,69026,192717,124544,149854,841104,122544,8859,454503,65039,210061
2017,16,2282132,72610,198168,128403,155180,857694,122837,11385,469344,66016,210249
2017,17,2241787,80708,183886,115604,145754,855409,113232,8976,459108,63452,217600
2017,18,2329196,62168,191139,126700,169752,880526,134255,7750,477481,66905,217915
2017,19,2292022,70284,179810,128735,165131,865680,125777,15356,464361,65420,216984
2017,20,2275026,66761,182593,132063,144835,874390,115343,8820,467085,64067,216716
2017,21,2244893,68323,184979,122568,153367,840723,122174,10777,458024,61712,220802
2017,22,2273165,67990,171535,128526,144270,874869,114090,6190,472044,63891,226791
2017,23,2338070,68306,166497,127715,159111,890445,122385,9267,486504,67911,235857
2017,24,2705102,67193,174558,149469,169398,1043300,141763,10172,567587,82651,296520
2017,25,2572616,67809,174695,145782,168085,987999,130023,6795,544378,77352,270497
2017,26,2426272,70278,173870,140674,149765,928446,128901,5543,507988,71162,242661
2017,27,2569480,68570,174157,143181,161580,989402,135207,8156,535038,81208,265256
2017,28,2624593,67196,179291,140196,166997,1001314,139296,8371,547419,85699,281493
2017,29,2751315,69293,186524,155357,178664,1048434,143077,11130,562030,89159,302772
2017,30,2531681,69698,183999,125191,165173,962836,134662,15032,521064,79988,275969
2017,31,2728983,64796,190073,145518,176834,1055322,148809,10462,560070,90407,289300
2017,32,2525237,69193,182273,134198,161747,962298,134407,12087,517538,84959,265423
2017,33,2618098,74155,183041,139211,172916,1003244,136277,9619,540493,88511,270867
2017,34,2520590,71059,174683,130218,169261,972484,133288,12247,520591,81863,257489
2017,35,2345664,73220,174479,116819,157874,893283,122948,13686,486672,72314,236684
2017,36,2251652,67225,165484,117796,156526,855360,123099,10142,460639,69185,225631
2017,37,2429275,71629,168761,138024,153200,937087,129168,10571,505414,76461,244517
2017,38,2713758,72295,174199,144720,175410,1054845,148073,11449,558989,90715,287956
2017,39,2669528,73723,181912,146503,170718,1042474,148126,17950,535590,87498,270079
2017,40,2361817,74720,192032,122000,152987,887467,126607,6773,488235,71776,237795
2017,41,2333215,74287,188298,122957,154590,868556,126323,7519,480804,69646,235898
2017,42,2286449,76000,194740,120194,150519,867774,118918,7755,468509,69019,215092
2017,43,2328390,81431,191348,120633,154234,871083,124891,5972,485105,68815,224215
2017,44,2437903,90803,194820,128823,169436,899881,140406,14799,493473,71365,240577
2017,45,2531895,98005,208756,140060,171154,932972,148972,12070,510203,75565,248037
2017,46,2593868,92714,206726,142792,187595,944357,157991,10467,522578,76409,257775
2017,47,2576542,91750,211622,147996,187813,931778,161278,8698,522696,72439,246771
2017,48,2568101,88554,208492,148640,180675,902253,192680,8374,518898,75171,254542
2017,49,2644498,94101,214958,150456,186349,932373,210081,8609,526190,76295,253450
2017,50,2911263,97312,236794,173695,213703,1005763,250844,11535,561972,84439,277023
2017,51,2816098,89388,233232,165141,215113,982790,229971,13659,550750,81911,262746
2017,52,2764932,104740,243042,184898,203086,927120,243567,14284,527734,78838,255824
2017,53,413509,15738,35417,29669,29571,134471,39290,2319,78349,12139,37681
2018,0,2604770,90960,209861,163734,203216,887329,228217,15192,506676,75706,235860
2018,1,2843365,100697,227226,179436,205858,994820,231824,14541,564594,80153,256005
2018,2,2889871,100430,229287,202335,191775,1003478,235948,13441,571266,88641,269547
2018,3,2759670,99946,228198,193681,166648,960580,213430,11149,541045,85399,262180
2018,4,2828461,103643,240616,195610,172536,980449,235266,15802,550522,87424,260743
2018,5,2906879,105301,239703,196258,185608,1023072,225818,19899,557030,91754,276249
2018,6,2757784,97380,230352,185815,167810,1004431,180286,14867,539988,81027,267241
2018,7,2627430,99903,226853,176700,158332,941531,163380,16946,517384,75981,255183
2018,8,2533439,89972,216651,171185,143338,932363,155553,13406,497281,74725,241584
2018,9,2635774,89040,221917,176137,156890,959840,169135,10886,524653,72859,257437
2018,10,2614718,88366,222796,173609,150049,954457,161753,13546,522181,79307,252580
2018,11,2562830,91994,231902,172495,142160,941422,154215,15531,509967,75223,235327
2018,12,2459320,88409,219253,161271,140329,905942,147032,10080,495823,71168,233168
2018,13,2548791,89655,219512,168011,143029,933400,156371,11376,515829,75939,241961
2018,14,2553140,86104,218967,160822,146654,937541,155960,12880,520767,77387,243709
2018,15,2532541,83752,212661,161631,151130,938772,150985,11368,518417,78744,236525
2018,16,2307337,71896,190555,143364,129417,868773,129693,10165,483798,65445,223022
2018,17,2248037,72396,180804,149668,121624,863734,125097,9570,457487,62814,212660
2018,18,2241305,78484,170577,146176,107687,849411,118419,12630,466432,64441,222640
2018,19,2264956,79093,176280,144864,106763,854505,120038,8510,472789,65787,227116
2018,20,2322132,74407,171792,150820,111883,884089,131169,8620,479121,67761,238174
2018,21,2719765,73095,178871,175013,127623,1055183,155155,8993,563987,94292,289395
2018,22,2345442,75077,173216,151676,119646,885361,129339,10106,486682,71601,244998
2018,23,2484665,77825,163771,157942,120645,954427,133369,13646,519038,78734,262155
2018,24,2662106,78315,177188,168824,129335,1027608,148577,8818,555098,83430,278023
2018,25,2693066,76178,175414,174275,137124,1024946,154520,9652,567329,85654,286905
2018,26,2976302,73320,179636,214100,157352,1152446,182003,10481,610924,99056,311158
2018,27,2887050,75567,190824,187347,149462,1116090,169076,10301,599870,95966,302066
2018,28,2873330,79016,193118,193345,153481,1091085,165115,13841,597028,94795,303055
2018,29,2801928,78254,185626,189378,159979,1060768,166062,15876,573079,92878,291285
2018,30,2825482,79541,187333,194227,155515,1070665,168035,10246,575823,91631,298795
2018,31,2906378,77915,177789,195169,158293,1112894,176076,11068,594161,96445,314009
2018,32,2962916,76506,185259,187541,159409,1143425,180899,13024,610068,96890,315286
2018,33,2667621,78154,181843,174945,140588,1016469,153561,12195,552039,85452,282293
2018,34,2848024,76760,191812,184220,153916,1077636,160809,15989,587992,92799,313167
2018,35,2859121,75485,188690,183543,151350,1094062,163586,16449,588211,88342,312868
2018,36,2575351,80127,191133,166172,143155,965594,146362,11052,531302,75288,264325
2018,37,2664696,76561,192683,164368,142812,1025620,150218,11056,555863,75663,281964
2018,38,2352678,80031,196001,139624,133340,881506,131266,9992,488229,66956,240927
2018,39,2382794,80687,196969,142323,142845,869594,142242,10846,491519,71578,247911
2018,40,2380342,82653,196624,144904,137236,872489,139490,9587,493232,79179,247400
2018,41,2362565,81501,206124,148299,138541,878478,142107,9285,485980,75673,225947
2018,42,2479964,82909,204540,154561,153409,899071,156930,14772,508721,77283,244740
2018,43,2511442,85684,197045,160103,160127,906528,155360,21227,506658,79916,245362
2018,44,2516270,90853,202950,160748,155714,918352,151684,11704,507676,80688,252160
2018,45,2679567,90850,212428,174429,172036,961381,170692,12649,534283,85697,272457
2018,46,2743563,97604,223474,183040,180460,986524,177149,13394,540067,83406,266426
2018,47,2708380,93713,223724,171223,172578,970602,171397,13709,542956,83514,271102
2018,48,2761728,93127,232863,181576,181620,987335,176887,14146,546149,83927,269618
2018,49,2780727,90458,222181,186298,181056,991457,179371,21998,547319,85726,279778
2018,50,2711699,95269,231080,184674,166923,963181,175532,19901,530304,81167,266087
2018,51,2540806,96289,240538,180945,169004,871840,174042,12890,481940,74327,241063
2018,52,728228,28299,66542,50964,48900,251028,50480,3713,139535,21601,66834
